"Source:","C:\Users\35841\Dropbox\Projekt\weather_station\kicad\weather_node\weather_node.kicad_sch"
"Date:","26-05-2023 21:21:28"
"Tool:","Eeschema (6.0.9)"
"Component Count:","8"
"Ref","Value","Footprint","Datasheet","Manufacturer","Vendor"
"C1","100n","Capacitor_SMD:C_0603_1608Metric_Pad1.08x0.95mm_HandSolder","~","",""
"C2","100n","Capacitor_SMD:C_0603_1608Metric_Pad1.08x0.95mm_HandSolder","~","",""
"J1","PROG","Connector_PinHeader_2.54mm:PinHeader_1x04_P2.54mm_Vertical","~","",""
"J2","1052TR","KEYSTONE_1052TR","","",""
"R1","4k7","Resistor_SMD:R_0603_1608Metric_Pad0.98x0.95mm_HandSolder","~","",""
"R2","4k7","Resistor_SMD:R_0603_1608Metric_Pad0.98x0.95mm_HandSolder","~","",""
"U1","DA14531MOD-00F01002","XCVR_DA14531MOD-00F01002","","",""
"U2","STS40-CD1B-R3","STS4X","","",""
